cluster_label,mean_RUL,median_RUL,failure_rate_30,engine_count,cluster_name
2,181.8268930523029,160.0,0.09679937548790007,16,Healthy
0,137.97058396281233,127.0,0.1215862870424172,54,Moderate Degradation
1,99.86358956760466,97.0,0.1595744680851064,30,High Risk
